file,offset,size,kind
Cars/rim_brushed_metal.fxobj,0x22c4,1968,0x1
Cars/rim_brushed_metal2.fxobj,0x22c4,1968,0x1
Cars/rim_bump_metal.fxobj,0x2354,2132,0x1
Cars/rim_bump_metal2.fxobj,0x2294,1800,0x1
Cars/rim_bump_metal3.fxobj,0x2314,1920,0x1
Cars/rim_carbon_fiber.fxobj,0x23b4,1920,0x1
Cars/rim_carbon_fiber2.fxobj,0x23b4,1920,0x1
Cars/rim_carbon_fiber3.fxobj,0x1fa4,2320,0x1
Cars/rim_chrome.fxobj,0x22b4,1800,0x1
Cars/rim_wheel_emblem.fxobj,0x2284,1660,0x1
Cars/shaders_16car_v16.fxobj,0x4b410,768,0x1
Cars/shaders_16car_v16.fxobj,0x4bb7c,708,0x1
Cars/shaders_16car_v16.fxobj,0x4c898,768,0x1
Cars/shaders_16car_v16.fxobj,0x4d004,708,0x1
Cars/shaders_16car_v16.fxobj,0x4dc18,960,0x1
Cars/shaders_16car_v16.fxobj,0x4e510,912,0x1
Cars/shaders_16car_v16.fxobj,0x4f254,812,0x1
Cars/shaders_16car_v16.fxobj,0x4f7f4,752,0x1
Cars/shaders_16car_v16.fxobj,0x4ff68,2048,0x1
Cars/shaders_16car_v16.fxobj,0x50770,1552,0x1
Cars/shaders_16car_v16.fxobj,0x51558,2048,0x1
Cars/shaders_16car_v16.fxobj,0x51d60,2048,0x1
Cars/shaders_16car_v16.fxobj,0x52568,2048,0x1
Cars/shaders_16car_v16.fxobj,0x52d70,1552,0x1
Cars/shaders_16car_v16.fxobj,0x53970,1552,0x1
Cars/shaders_16car_v16.fxobj,0x54570,1552,0x1
Cars/shaders_16car_v16.fxobj,0x54b88,1552,0x1
Cars/shaders_16car_v16.fxobj,0x55788,1552,0x1
Cars/shaders_16car_v16.fxobj,0x56388,1552,0x1
Cars/shaders_16car_v16.fxobj,0x56f88,1552,0x1
Cars/shaders_16car_v16.fxobj,0x57b88,1552,0x1
Cars/shaders_16car_v16.fxobj,0x58788,1552,0x1
Cars/shaders_16car_v16.fxobj,0x59388,1552,0x1
Cars/shaders_16car_v16.fxobj,0x599a0,1552,0x1
Cars/shaders_16car_v16.fxobj,0x5aa08,1936,0x1
Cars/shaders_16car_v16.fxobj,0x5b8c8,1452,0x1
Cars/shaders_16car_v16.fxobj,0x5d228,2048,0x1
Cars/shaders_16car_v16.fxobj,0x5da30,2048,0x1
Cars/shaders_16car_v16.fxobj,0xc1e4,1396,0x1
Cars/shaders_16car_v16.fxobj,0xcc80,1300,0x1
Cars/shaders_slod_v16.fxobj,0x4aca0,768,0x1
Cars/shaders_slod_v16.fxobj,0x4b25c,708,0x1
Cars/shaders_slod_v16.fxobj,0x4c15c,768,0x1
Cars/shaders_slod_v16.fxobj,0x4c718,708,0x1
Cars/shaders_slod_v16.fxobj,0x4d5d0,960,0x1
Cars/shaders_slod_v16.fxobj,0x4dd18,912,0x1
Cars/shaders_slod_v16.fxobj,0x4ec6c,812,0x1
Cars/shaders_slod_v16.fxobj,0x4f20c,752,0x1
Cars/shaders_slod_v16.fxobj,0x4f980,1660,0x1
Cars/shaders_slod_v16.fxobj,0x50004,1700,0x1
Cars/shaders_slod_v16.fxobj,0x50cb0,1660,0x1
Cars/shaders_slod_v16.fxobj,0x51334,1660,0x1
Cars/shaders_slod_v16.fxobj,0x519b8,1660,0x1
Cars/shaders_slod_v16.fxobj,0x5203c,1700,0x1
Cars/shaders_slod_v16.fxobj,0x52d7c,1700,0x1
Cars/shaders_slod_v16.fxobj,0x540f8,1700,0x1
Cars/shaders_slod_v16.fxobj,0x547a4,1700,0x1
Cars/shaders_slod_v16.fxobj,0x54e50,1700,0x1
Cars/shaders_slod_v16.fxobj,0x55b90,1700,0x1
Cars/shaders_slod_v16.fxobj,0x568d0,1700,0x1
Cars/shaders_slod_v16.fxobj,0x57610,1700,0x1
Cars/shaders_slod_v16.fxobj,0x58350,1700,0x1
Cars/shaders_slod_v16.fxobj,0x59090,1700,0x1
Cars/shaders_slod_v16.fxobj,0x59dd0,1700,0x1
Cars/shaders_slod_v16.fxobj,0x5a47c,1700,0x1
Cars/shaders_slod_v16.fxobj,0x5b578,1548,0x1
Cars/shaders_slod_v16.fxobj,0x5c11c,1452,0x1
Cars/shaders_slod_v16.fxobj,0x6143c,1660,0x1
Cars/shaders_slod_v16.fxobj,0x61ac0,1660,0x1
Cars/shaders_splitscreen_v16.fxobj,0x10610,1684,0x1
Cars/shaders_splitscreen_v16.fxobj,0x10cac,1684,0x1
Cars/shaders_splitscreen_v16.fxobj,0x11348,2352,0x1
Cars/shaders_splitscreen_v16.fxobj,0x11c80,2784,0x1
Cars/shaders_splitscreen_v16.fxobj,0x12d14,2352,0x1
Cars/shaders_splitscreen_v16.fxobj,0x1364c,2352,0x1
Cars/shaders_splitscreen_v16.fxobj,0x13f84,2352,0x1
Cars/shaders_splitscreen_v16.fxobj,0x148bc,2352,0x1
Cars/shaders_splitscreen_v16.fxobj,0x151f4,1428,0x1
Cars/shaders_splitscreen_v16.fxobj,0x15790,2352,0x1
Cars/shaders_splitscreen_v16.fxobj,0x160c8,1944,0x1
Cars/shaders_splitscreen_v16.fxobj,0x16868,1812,0x1
Cars/shaders_splitscreen_v16.fxobj,0x16f84,1812,0x1
Cars/shaders_splitscreen_v16.fxobj,0x176a0,1812,0x1
Cars/shaders_splitscreen_v16.fxobj,0x17dbc,1812,0x1
Cars/shaders_splitscreen_v16.fxobj,0x184d8,1812,0x1
Cars/shaders_splitscreen_v16.fxobj,0x18bf4,1812,0x1
Cars/shaders_splitscreen_v16.fxobj,0x19310,1600,0x1
Cars/shaders_splitscreen_v16.fxobj,0x19958,1600,0x1
Cars/shaders_splitscreen_v16.fxobj,0x19fa0,1600,0x1
Cars/shaders_splitscreen_v16.fxobj,0x1a5e8,1600,0x1
Cars/shaders_splitscreen_v16.fxobj,0x1ac30,1600,0x1
Cars/shaders_splitscreen_v16.fxobj,0x1b278,1600,0x1
Cars/shaders_splitscreen_v16.fxobj,0x1b8c0,1600,0x1
Cars/shaders_splitscreen_v16.fxobj,0x1bf08,1944,0x1
Cars/shaders_splitscreen_v16.fxobj,0x1c6a8,1600,0x1
Cars/shaders_splitscreen_v16.fxobj,0x1ccf0,1944,0x1
Cars/shaders_splitscreen_v16.fxobj,0x1d490,1600,0x1
Cars/shaders_splitscreen_v16.fxobj,0x1dad8,1600,0x1
Cars/shaders_splitscreen_v16.fxobj,0x1e120,1600,0x1
Cars/shaders_splitscreen_v16.fxobj,0x1e768,1944,0x1
Cars/shaders_splitscreen_v16.fxobj,0x1ef08,1944,0x1
Cars/shaders_splitscreen_v16.fxobj,0x1f6a8,1944,0x1
Cars/shaders_splitscreen_v16.fxobj,0x1fe48,3012,0x1
Cars/shaders_splitscreen_v16.fxobj,0x20a14,3012,0x1
Cars/shaders_splitscreen_v16.fxobj,0x215e0,2992,0x1
Cars/shaders_splitscreen_v16.fxobj,0x22198,2992,0x1
Cars/shaders_splitscreen_v16.fxobj,0x22d50,2992,0x1
Cars/shaders_splitscreen_v16.fxobj,0x23908,2992,0x1
Cars/shaders_splitscreen_v16.fxobj,0x26b94,2352,0x1
Cars/shaders_splitscreen_v16.fxobj,0x274cc,2352,0x1
Cars/shaders_splitscreen_v16.fxobj,0x27e04,2352,0x1
Cars/shaders_splitscreen_v16.fxobj,0x2873c,2352,0x1
Cars/shaders_splitscreen_v16.fxobj,0x319e0,2988,0x1
Cars/shaders_splitscreen_v16.fxobj,0x32594,2992,0x1
Cars/shaders_splitscreen_v16.fxobj,0x3314c,2992,0x1
Cars/shaders_splitscreen_v16.fxobj,0x36e6c,2352,0x1
Cars/shaders_splitscreen_v16.fxobj,0x377a4,2352,0x1
Cars/shaders_splitscreen_v16.fxobj,0x380dc,2352,0x1
Cars/shaders_splitscreen_v16.fxobj,0x38a14,2352,0x1
Cars/shaders_splitscreen_v16.fxobj,0x3934c,2352,0x1
Cars/shaders_splitscreen_v16.fxobj,0x39c84,1944,0x1
Cars/shaders_splitscreen_v16.fxobj,0x3a424,1944,0x1
Cars/shaders_splitscreen_v16.fxobj,0x3abc4,1944,0x1
Cars/shaders_splitscreen_v16.fxobj,0x3b364,1944,0x1
Cars/shaders_splitscreen_v16.fxobj,0x3bb04,1600,0x1
Cars/shaders_splitscreen_v16.fxobj,0x3c14c,1600,0x1
Cars/shaders_splitscreen_v16.fxobj,0x3c794,1944,0x1
Cars/shaders_splitscreen_v16.fxobj,0x3cf34,1944,0x1
Cars/shaders_splitscreen_v16.fxobj,0x3d6d4,1944,0x1
Cars/shaders_splitscreen_v16.fxobj,0x3de74,1944,0x1
Cars/shaders_splitscreen_v16.fxobj,0x3e614,1944,0x1
Cars/shaders_splitscreen_v16.fxobj,0x3edb4,1944,0x1
Cars/shaders_splitscreen_v16.fxobj,0x3f554,1944,0x1
Cars/shaders_splitscreen_v16.fxobj,0x3fcf4,1944,0x1
Cars/shaders_splitscreen_v16.fxobj,0x40494,1944,0x1
Cars/shaders_splitscreen_v16.fxobj,0x40c34,1944,0x1
Cars/shaders_splitscreen_v16.fxobj,0x413d4,1944,0x1
Cars/shaders_splitscreen_v16.fxobj,0x41b74,1944,0x1
Cars/shaders_splitscreen_v16.fxobj,0x42314,1944,0x1
Cars/shaders_splitscreen_v16.fxobj,0x42ab4,1944,0x1
Cars/shaders_splitscreen_v16.fxobj,0x43254,1944,0x1
Cars/shaders_splitscreen_v16.fxobj,0x439f4,1944,0x1
Cars/shaders_splitscreen_v16.fxobj,0x44194,1944,0x1
Cars/shaders_splitscreen_v16.fxobj,0x44934,1944,0x1
Cars/shaders_splitscreen_v16.fxobj,0x450d4,1944,0x1
Cars/shaders_splitscreen_v16.fxobj,0x45874,1944,0x1
Cars/shaders_splitscreen_v16.fxobj,0x46014,1944,0x1
Cars/shaders_splitscreen_v16.fxobj,0x467b4,1944,0x1
Cars/shaders_splitscreen_v16.fxobj,0x46f54,1944,0x1
Cars/shaders_splitscreen_v16.fxobj,0x476f4,1944,0x1
Cars/shaders_splitscreen_v16.fxobj,0x47e94,1944,0x1
Cars/shaders_splitscreen_v16.fxobj,0x48634,1944,0x1
Cars/shaders_splitscreen_v16.fxobj,0x48dd4,1944,0x1
Cars/shaders_splitscreen_v16.fxobj,0x49574,1944,0x1
Cars/shaders_splitscreen_v16.fxobj,0x49d14,1944,0x1
Cars/shaders_splitscreen_v16.fxobj,0x4a4b4,1944,0x1
Cars/shaders_splitscreen_v16.fxobj,0x4ac54,1944,0x1
Cars/shaders_splitscreen_v16.fxobj,0x4b3f4,1944,0x1
Cars/shaders_splitscreen_v16.fxobj,0x4bb94,1944,0x1
Cars/shaders_splitscreen_v16.fxobj,0x4c334,1944,0x1
Cars/shaders_splitscreen_v16.fxobj,0x4cad4,1944,0x1
Cars/shaders_splitscreen_v16.fxobj,0x4d274,1944,0x1
Cars/shaders_splitscreen_v16.fxobj,0x4da14,1944,0x1
Cars/shaders_splitscreen_v16.fxobj,0x4e1b4,1944,0x1
Cars/shaders_splitscreen_v16.fxobj,0x4e954,1944,0x1
Cars/shaders_splitscreen_v16.fxobj,0x4f0f4,1944,0x1
Cars/shaders_splitscreen_v16.fxobj,0x4f894,1944,0x1
Cars/shaders_splitscreen_v16.fxobj,0x50034,1600,0x1
Cars/shaders_splitscreen_v16.fxobj,0x5067c,1944,0x1
Cars/shaders_splitscreen_v16.fxobj,0x50e1c,1944,0x1
Cars/shaders_splitscreen_v16.fxobj,0x515bc,1944,0x1
Cars/shaders_splitscreen_v16.fxobj,0x51d5c,1944,0x1
Cars/shaders_splitscreen_v16.fxobj,0x524fc,1944,0x1
Cars/shaders_splitscreen_v16.fxobj,0x52c9c,1944,0x1
Cars/shaders_splitscreen_v16.fxobj,0x5343c,1944,0x1
Cars/shaders_splitscreen_v16.fxobj,0x53bdc,1944,0x1
Cars/shaders_splitscreen_v16.fxobj,0x5437c,1944,0x1
Cars/shaders_splitscreen_v16.fxobj,0x54b1c,1944,0x1
Cars/shaders_splitscreen_v16.fxobj,0x552bc,1628,0x1
Cars/shaders_splitscreen_v16.fxobj,0x55920,1628,0x1
Cars/shaders_splitscreen_v16.fxobj,0x55f84,1628,0x1
Cars/shaders_splitscreen_v16.fxobj,0x565e8,1628,0x1
Cars/shaders_splitscreen_v16.fxobj,0x56c4c,2352,0x1
Cars/shaders_splitscreen_v16.fxobj,0x57584,2352,0x1
Cars/shaders_splitscreen_v16.fxobj,0x57ebc,2352,0x1
Cars/shaders_splitscreen_v16.fxobj,0x58dc4,2352,0x1
Cars/shaders_splitscreen_v16.fxobj,0x596fc,2352,0x1
Cars/shaders_splitscreen_v16.fxobj,0x5a034,1944,0x1
Cars/shaders_splitscreen_v16.fxobj,0x5a7d4,1944,0x1
Cars/shaders_splitscreen_v16.fxobj,0x5af74,1944,0x1
Cars/shaders_splitscreen_v16.fxobj,0x5b714,1944,0x1
Cars/shaders_splitscreen_v16.fxobj,0x5beb4,1944,0x1
Cars/shaders_splitscreen_v16.fxobj,0x5eab0,1096,0x1
Cars/shaders_splitscreen_v16.fxobj,0x5ef00,1196,0x1
Cars/shaders_splitscreen_v16.fxobj,0x5f3b4,1168,0x1
Cars/shaders_splitscreen_v16.fxobj,0x5f84c,1096,0x1
Cars/shaders_splitscreen_v16.fxobj,0x5fc9c,768,0x1
Cars/shaders_splitscreen_v16.fxobj,0x60408,708,0x1
Cars/shaders_splitscreen_v16.fxobj,0x60ad4,1096,0x1
Cars/shaders_splitscreen_v16.fxobj,0x60f24,1168,0x1
Cars/shaders_splitscreen_v16.fxobj,0x613bc,1096,0x1
Cars/shaders_splitscreen_v16.fxobj,0x6180c,768,0x1
Cars/shaders_splitscreen_v16.fxobj,0x61f78,708,0x1
Cars/shaders_splitscreen_v16.fxobj,0x62644,1300,0x1
Cars/shaders_splitscreen_v16.fxobj,0x62b60,1300,0x1
Cars/shaders_splitscreen_v16.fxobj,0x6307c,960,0x1
Cars/shaders_splitscreen_v16.fxobj,0x63974,912,0x1
Cars/shaders_splitscreen_v16.fxobj,0x646b8,812,0x1
Cars/shaders_splitscreen_v16.fxobj,0x64c58,752,0x1
Cars/shaders_splitscreen_v16.fxobj,0x653cc,2068,0x1
Cars/shaders_splitscreen_v16.fxobj,0x65be8,1720,0x1
Cars/shaders_splitscreen_v16.fxobj,0x66a98,2068,0x1
Cars/shaders_splitscreen_v16.fxobj,0x672b4,2068,0x1
Cars/shaders_splitscreen_v16.fxobj,0x67ad0,2068,0x1
Cars/shaders_splitscreen_v16.fxobj,0x682ec,1720,0x1
Cars/shaders_splitscreen_v16.fxobj,0x69054,1720,0x1
Cars/shaders_splitscreen_v16.fxobj,0x69dbc,1720,0x1
Cars/shaders_splitscreen_v16.fxobj,0x6a47c,1720,0x1
Cars/shaders_splitscreen_v16.fxobj,0x6a60,1944,0x1
Cars/shaders_splitscreen_v16.fxobj,0x6b1e4,1720,0x1
Cars/shaders_splitscreen_v16.fxobj,0x6bf4c,1720,0x1
Cars/shaders_splitscreen_v16.fxobj,0x6ccb4,1720,0x1
Cars/shaders_splitscreen_v16.fxobj,0x6da1c,1720,0x1
Cars/shaders_splitscreen_v16.fxobj,0x6e784,1720,0x1
Cars/shaders_splitscreen_v16.fxobj,0x6f4ec,1720,0x1
Cars/shaders_splitscreen_v16.fxobj,0x6fbac,1720,0x1
Cars/shaders_splitscreen_v16.fxobj,0x70cbc,1936,0x1
Cars/shaders_splitscreen_v16.fxobj,0x71b7c,1452,0x1
Cars/shaders_splitscreen_v16.fxobj,0x7200,2784,0x1
Cars/shaders_splitscreen_v16.fxobj,0x7269c,2352,0x1
Cars/shaders_splitscreen_v16.fxobj,0x72fd4,2352,0x1
Cars/shaders_splitscreen_v16.fxobj,0x7390c,2068,0x1
Cars/shaders_splitscreen_v16.fxobj,0x74128,2068,0x1
Cars/shaders_splitscreen_v16.fxobj,0x7ce8,2784,0x1
Cars/shaders_splitscreen_v16.fxobj,0x87d0,2784,0x1
Cars/shaders_splitscreen_v16.fxobj,0x92b8,1944,0x1
Cars/shaders_splitscreen_v16.fxobj,0x9a58,2784,0x1
Cars/shaders_splitscreen_v16.fxobj,0xa540,2784,0x1
Cars/shaders_splitscreen_v16.fxobj,0xb028,2784,0x1
Cars/shaders_splitscreen_v16.fxobj,0xbb10,2784,0x1
Cars/shaders_splitscreen_v16.fxobj,0xc5f8,2784,0x1
Cars/shaders_splitscreen_v16.fxobj,0xd0e0,2352,0x1
Cars/shaders_splitscreen_v16.fxobj,0xda18,1096,0x1
Cars/shaders_splitscreen_v16.fxobj,0xde68,1684,0x1
Cars/shaders_splitscreen_v16.fxobj,0xe504,1944,0x1
Cars/shaders_splitscreen_v16.fxobj,0xeca4,1396,0x1
Cars/shaders_splitscreen_v16.fxobj,0xf740,1300,0x1
Cars/shaders_ui_v16.fxobj,0x4eaf8,768,0x1
Cars/shaders_ui_v16.fxobj,0x4f264,708,0x1
Cars/shaders_ui_v16.fxobj,0x4ff80,768,0x1
Cars/shaders_ui_v16.fxobj,0x506ec,708,0x1
Cars/shaders_ui_v16.fxobj,0x51300,960,0x1
Cars/shaders_ui_v16.fxobj,0x51bf8,912,0x1
Cars/shaders_ui_v16.fxobj,0x5293c,812,0x1
Cars/shaders_ui_v16.fxobj,0x52edc,752,0x1
Cars/shaders_ui_v16.fxobj,0x53650,2068,0x1
Cars/shaders_ui_v16.fxobj,0x53e6c,1720,0x1
Cars/shaders_ui_v16.fxobj,0x54d1c,2068,0x1
Cars/shaders_ui_v16.fxobj,0x55538,2068,0x1
Cars/shaders_ui_v16.fxobj,0x55d54,2068,0x1
Cars/shaders_ui_v16.fxobj,0x56570,1720,0x1
Cars/shaders_ui_v16.fxobj,0x572d8,1720,0x1
Cars/shaders_ui_v16.fxobj,0x58040,1720,0x1
Cars/shaders_ui_v16.fxobj,0x58700,1720,0x1
Cars/shaders_ui_v16.fxobj,0x59468,1720,0x1
Cars/shaders_ui_v16.fxobj,0x5a1d0,1720,0x1
Cars/shaders_ui_v16.fxobj,0x5af38,1720,0x1
Cars/shaders_ui_v16.fxobj,0x5bca0,1720,0x1
Cars/shaders_ui_v16.fxobj,0x5ca08,1720,0x1
Cars/shaders_ui_v16.fxobj,0x5d770,1720,0x1
Cars/shaders_ui_v16.fxobj,0x5de30,1720,0x1
Cars/shaders_ui_v16.fxobj,0x5ef40,1936,0x1
Cars/shaders_ui_v16.fxobj,0x5fe00,1452,0x1
Cars/shaders_ui_v16.fxobj,0x61788,2068,0x1
Cars/shaders_ui_v16.fxobj,0x61fa4,2068,0x1
Cars/shaders_ui_v16.fxobj,0xd4e8,1396,0x1
Cars/shaders_ui_v16.fxobj,0xdf84,1300,0x1
Cars/shaders_v16.fxobj,0x10610,1684,0x1
Cars/shaders_v16.fxobj,0x10cac,1684,0x1
Cars/shaders_v16.fxobj,0x11348,2352,0x1
Cars/shaders_v16.fxobj,0x11c80,2784,0x1
Cars/shaders_v16.fxobj,0x12d14,2352,0x1
Cars/shaders_v16.fxobj,0x1364c,2352,0x1
Cars/shaders_v16.fxobj,0x13f84,2352,0x1
Cars/shaders_v16.fxobj,0x148bc,2352,0x1
Cars/shaders_v16.fxobj,0x151f4,1428,0x1
Cars/shaders_v16.fxobj,0x15790,2352,0x1
Cars/shaders_v16.fxobj,0x160c8,1944,0x1
Cars/shaders_v16.fxobj,0x16868,1812,0x1
Cars/shaders_v16.fxobj,0x16f84,1812,0x1
Cars/shaders_v16.fxobj,0x176a0,1812,0x1
Cars/shaders_v16.fxobj,0x17dbc,1812,0x1
Cars/shaders_v16.fxobj,0x184d8,1812,0x1
Cars/shaders_v16.fxobj,0x18bf4,1812,0x1
Cars/shaders_v16.fxobj,0x19310,1600,0x1
Cars/shaders_v16.fxobj,0x19958,1600,0x1
Cars/shaders_v16.fxobj,0x19fa0,1600,0x1
Cars/shaders_v16.fxobj,0x1a5e8,1600,0x1
Cars/shaders_v16.fxobj,0x1ac30,1600,0x1
Cars/shaders_v16.fxobj,0x1b278,1600,0x1
Cars/shaders_v16.fxobj,0x1b8c0,1600,0x1
Cars/shaders_v16.fxobj,0x1bf08,1944,0x1
Cars/shaders_v16.fxobj,0x1c6a8,1600,0x1
Cars/shaders_v16.fxobj,0x1ccf0,1944,0x1
Cars/shaders_v16.fxobj,0x1d490,1600,0x1
Cars/shaders_v16.fxobj,0x1dad8,1600,0x1
Cars/shaders_v16.fxobj,0x1e120,1600,0x1
Cars/shaders_v16.fxobj,0x1e768,1944,0x1
Cars/shaders_v16.fxobj,0x1ef08,1944,0x1
Cars/shaders_v16.fxobj,0x1f6a8,1944,0x1
Cars/shaders_v16.fxobj,0x1fe48,3012,0x1
Cars/shaders_v16.fxobj,0x20a14,3012,0x1
Cars/shaders_v16.fxobj,0x215e0,2992,0x1
Cars/shaders_v16.fxobj,0x22198,2992,0x1
Cars/shaders_v16.fxobj,0x22d50,2992,0x1
Cars/shaders_v16.fxobj,0x23908,2992,0x1
Cars/shaders_v16.fxobj,0x26b94,2352,0x1
Cars/shaders_v16.fxobj,0x274cc,2352,0x1
Cars/shaders_v16.fxobj,0x27e04,2352,0x1
Cars/shaders_v16.fxobj,0x2873c,2352,0x1
Cars/shaders_v16.fxobj,0x319e0,2988,0x1
Cars/shaders_v16.fxobj,0x32594,2992,0x1
Cars/shaders_v16.fxobj,0x3314c,2992,0x1
Cars/shaders_v16.fxobj,0x36e6c,2352,0x1
Cars/shaders_v16.fxobj,0x377a4,2352,0x1
Cars/shaders_v16.fxobj,0x380dc,2352,0x1
Cars/shaders_v16.fxobj,0x38a14,2352,0x1
Cars/shaders_v16.fxobj,0x3934c,2352,0x1
Cars/shaders_v16.fxobj,0x39c84,1944,0x1
Cars/shaders_v16.fxobj,0x3a424,1944,0x1
Cars/shaders_v16.fxobj,0x3abc4,1944,0x1
Cars/shaders_v16.fxobj,0x3b364,1944,0x1
Cars/shaders_v16.fxobj,0x3bb04,1600,0x1
Cars/shaders_v16.fxobj,0x3c14c,1600,0x1
Cars/shaders_v16.fxobj,0x3c794,1944,0x1
Cars/shaders_v16.fxobj,0x3cf34,1944,0x1
Cars/shaders_v16.fxobj,0x3d6d4,1944,0x1
Cars/shaders_v16.fxobj,0x3de74,1944,0x1
Cars/shaders_v16.fxobj,0x3e614,1944,0x1
Cars/shaders_v16.fxobj,0x3edb4,1944,0x1
Cars/shaders_v16.fxobj,0x3f554,1944,0x1
Cars/shaders_v16.fxobj,0x3fcf4,1944,0x1
Cars/shaders_v16.fxobj,0x40494,1944,0x1
Cars/shaders_v16.fxobj,0x40c34,1944,0x1
Cars/shaders_v16.fxobj,0x413d4,1944,0x1
Cars/shaders_v16.fxobj,0x41b74,1944,0x1
Cars/shaders_v16.fxobj,0x42314,1944,0x1
Cars/shaders_v16.fxobj,0x42ab4,1944,0x1
Cars/shaders_v16.fxobj,0x43254,1944,0x1
Cars/shaders_v16.fxobj,0x439f4,1944,0x1
Cars/shaders_v16.fxobj,0x44194,1944,0x1
Cars/shaders_v16.fxobj,0x44934,1944,0x1
Cars/shaders_v16.fxobj,0x450d4,1944,0x1
Cars/shaders_v16.fxobj,0x45874,1944,0x1
Cars/shaders_v16.fxobj,0x46014,1944,0x1
Cars/shaders_v16.fxobj,0x467b4,1944,0x1
Cars/shaders_v16.fxobj,0x46f54,1944,0x1
Cars/shaders_v16.fxobj,0x476f4,1944,0x1
Cars/shaders_v16.fxobj,0x47e94,1944,0x1
Cars/shaders_v16.fxobj,0x48634,1944,0x1
Cars/shaders_v16.fxobj,0x48dd4,1944,0x1
Cars/shaders_v16.fxobj,0x49574,1944,0x1
Cars/shaders_v16.fxobj,0x49d14,1944,0x1
Cars/shaders_v16.fxobj,0x4a4b4,1944,0x1
Cars/shaders_v16.fxobj,0x4ac54,1944,0x1
Cars/shaders_v16.fxobj,0x4b3f4,1944,0x1
Cars/shaders_v16.fxobj,0x4bb94,1944,0x1
Cars/shaders_v16.fxobj,0x4c334,1944,0x1
Cars/shaders_v16.fxobj,0x4cad4,1944,0x1
Cars/shaders_v16.fxobj,0x4d274,1944,0x1
Cars/shaders_v16.fxobj,0x4da14,1944,0x1
Cars/shaders_v16.fxobj,0x4e1b4,1944,0x1
Cars/shaders_v16.fxobj,0x4e954,1944,0x1
Cars/shaders_v16.fxobj,0x4f0f4,1944,0x1
Cars/shaders_v16.fxobj,0x4f894,1944,0x1
Cars/shaders_v16.fxobj,0x50034,1600,0x1
Cars/shaders_v16.fxobj,0x5067c,1944,0x1
Cars/shaders_v16.fxobj,0x50e1c,1944,0x1
Cars/shaders_v16.fxobj,0x515bc,1944,0x1
Cars/shaders_v16.fxobj,0x51d5c,1944,0x1
Cars/shaders_v16.fxobj,0x524fc,1944,0x1
Cars/shaders_v16.fxobj,0x52c9c,1944,0x1
Cars/shaders_v16.fxobj,0x5343c,1944,0x1
Cars/shaders_v16.fxobj,0x53bdc,1944,0x1
Cars/shaders_v16.fxobj,0x5437c,1944,0x1
Cars/shaders_v16.fxobj,0x54b1c,1944,0x1
Cars/shaders_v16.fxobj,0x552bc,1628,0x1
Cars/shaders_v16.fxobj,0x55920,1628,0x1
Cars/shaders_v16.fxobj,0x55f84,1628,0x1
Cars/shaders_v16.fxobj,0x565e8,1628,0x1
Cars/shaders_v16.fxobj,0x56c4c,2352,0x1
Cars/shaders_v16.fxobj,0x57584,2352,0x1
Cars/shaders_v16.fxobj,0x57ebc,2352,0x1
Cars/shaders_v16.fxobj,0x58dc4,2352,0x1
Cars/shaders_v16.fxobj,0x596fc,2352,0x1
Cars/shaders_v16.fxobj,0x5a034,1944,0x1
Cars/shaders_v16.fxobj,0x5a7d4,1944,0x1
Cars/shaders_v16.fxobj,0x5af74,1944,0x1
Cars/shaders_v16.fxobj,0x5b714,1944,0x1
Cars/shaders_v16.fxobj,0x5beb4,1944,0x1
Cars/shaders_v16.fxobj,0x5eab0,1096,0x1
Cars/shaders_v16.fxobj,0x5ef00,1196,0x1
Cars/shaders_v16.fxobj,0x5f3b4,1168,0x1
Cars/shaders_v16.fxobj,0x5f84c,1096,0x1
Cars/shaders_v16.fxobj,0x5fc9c,768,0x1
Cars/shaders_v16.fxobj,0x60408,708,0x1
Cars/shaders_v16.fxobj,0x60ad4,1096,0x1
Cars/shaders_v16.fxobj,0x60f24,1168,0x1
Cars/shaders_v16.fxobj,0x613bc,1096,0x1
Cars/shaders_v16.fxobj,0x6180c,768,0x1
Cars/shaders_v16.fxobj,0x61f78,708,0x1
Cars/shaders_v16.fxobj,0x62644,1300,0x1
Cars/shaders_v16.fxobj,0x62b60,1300,0x1
Cars/shaders_v16.fxobj,0x6307c,960,0x1
Cars/shaders_v16.fxobj,0x63974,912,0x1
Cars/shaders_v16.fxobj,0x646b8,812,0x1
Cars/shaders_v16.fxobj,0x64c58,752,0x1
Cars/shaders_v16.fxobj,0x653cc,2068,0x1
Cars/shaders_v16.fxobj,0x65be8,1720,0x1
Cars/shaders_v16.fxobj,0x66a98,2068,0x1
Cars/shaders_v16.fxobj,0x672b4,2068,0x1
Cars/shaders_v16.fxobj,0x67ad0,2068,0x1
Cars/shaders_v16.fxobj,0x682ec,1720,0x1
Cars/shaders_v16.fxobj,0x69054,1720,0x1
Cars/shaders_v16.fxobj,0x69dbc,1720,0x1
Cars/shaders_v16.fxobj,0x6a47c,1720,0x1
Cars/shaders_v16.fxobj,0x6a60,1944,0x1
Cars/shaders_v16.fxobj,0x6b1e4,1720,0x1
Cars/shaders_v16.fxobj,0x6bf4c,1720,0x1
Cars/shaders_v16.fxobj,0x6ccb4,1720,0x1
Cars/shaders_v16.fxobj,0x6da1c,1720,0x1
Cars/shaders_v16.fxobj,0x6e784,1720,0x1
Cars/shaders_v16.fxobj,0x6f4ec,1720,0x1
Cars/shaders_v16.fxobj,0x6fbac,1720,0x1
Cars/shaders_v16.fxobj,0x70cbc,1936,0x1
Cars/shaders_v16.fxobj,0x71b7c,1452,0x1
Cars/shaders_v16.fxobj,0x7200,2784,0x1
Cars/shaders_v16.fxobj,0x7269c,2352,0x1
Cars/shaders_v16.fxobj,0x72fd4,2352,0x1
Cars/shaders_v16.fxobj,0x7390c,2068,0x1
Cars/shaders_v16.fxobj,0x74128,2068,0x1
Cars/shaders_v16.fxobj,0x7ce8,2784,0x1
Cars/shaders_v16.fxobj,0x87d0,2784,0x1
Cars/shaders_v16.fxobj,0x92b8,1944,0x1
Cars/shaders_v16.fxobj,0x9a58,2784,0x1
Cars/shaders_v16.fxobj,0xa540,2784,0x1
Cars/shaders_v16.fxobj,0xb028,2784,0x1
Cars/shaders_v16.fxobj,0xbb10,2784,0x1
Cars/shaders_v16.fxobj,0xc5f8,2784,0x1
Cars/shaders_v16.fxobj,0xd0e0,2352,0x1
Cars/shaders_v16.fxobj,0xda18,1096,0x1
Cars/shaders_v16.fxobj,0xde68,1684,0x1
Cars/shaders_v16.fxobj,0xe504,1944,0x1
Cars/shaders_v16.fxobj,0xeca4,1396,0x1
Cars/shaders_v16.fxobj,0xf740,1300,0x1
